Metric,naive,bm25,lccompression,mqchain,pd,ensemble
Cost($),0.0452335, 0.017461, 0.171966, 0.061756, 0.009049,0.2390245
Latency(sec),39.32,30.68,333.42,87.39,33.41,396.43